Kart Başlığı;Boy;Önerilen MODÜL;modul_code;Önerilen BİLEŞEN (sayfa/sekme);DB Kart?;URL
Yönetici Sabah Özeti;Tam Boy Kart;Masaüstü*;(masaustu);/masaustu;;https://demo.kokpitim.com/masaustu
Kurumsal Olgunluk Endeksi;Tam Boy Kart;Masaüstü*;(masaustu);/masaustu;;https://demo.kokpitim.com/masaustu
Bugünün özeti;Tam Boy Kart;Masaüstü*;(masaustu);/masaustu;;https://demo.kokpitim.com/masaustu
Benim Görevlerim;Tam Boy Kart;Masaüstü*;(masaustu);/masaustu;;https://demo.kokpitim.com/masaustu
Favori ve Son Ziyaretlerim;Tam Boy Kart;Masaüstü*;(masaustu);/masaustu;;https://demo.kokpitim.com/masaustu
Hızlı İşlemler;Tam Boy Kart;Masaüstü*;(masaustu);/masaustu;;https://demo.kokpitim.com/masaustu
Takvimim;Tam Boy Kart;Masaüstü*;(masaustu);/masaustu;;https://demo.kokpitim.com/masaustu
Benim Masam;Tam Boy Kart;Masaüstü*;(masaustu);/masaustu;;https://demo.kokpitim.com/masaustu
Dikkat!: Hazirran Verisi;Tam Boy Kart;Masaüstü*;(masaustu);/masaustu;;https://demo.kokpitim.com/masaustu
Karalama Defteri;Tam Boy Kart;Masaüstü*;(masaustu);/masaustu;;https://demo.kokpitim.com/masaustu
Özet Listeler;Tam Boy Kart;Masaüstü*;(masaustu);/masaustu;;https://demo.kokpitim.com/masaustu
Bildirimler;Tam Boy Kart;Masaüstü*;(masaustu);/masaustu;;https://demo.kokpitim.com/masaustu
Stratejik Hedefler;Tam Boy Kart;Masaüstü*;(masaustu);/masaustu;;https://demo.kokpitim.com/masaustu
Minir Kartlar;Mini Boy Kart (1/4 Kart Boyutu);Masaüstü*;(masaustu);/masaustu;;https://demo.kokpitim.com/masaustu
Bireysel PG;Mini Boy Kart (1/4 Kart Boyutu);Masaüstü*;(masaustu);/masaustu;;https://demo.kokpitim.com/masaustu
Devam Eden Faaliyet;Mini Boy Kart (1/4 Kart Boyutu);Masaüstü*;(masaustu);/masaustu;;https://demo.kokpitim.com/masaustu
Süreç PG;Mini Boy Kart (1/4 Kart Boyutu);Masaüstü*;(masaustu);/masaustu;;https://demo.kokpitim.com/masaustu
Okunmamış Bildirim;Mini Boy Kart (1/4 Kart Boyutu);Masaüstü*;(masaustu);/masaustu;;https://demo.kokpitim.com/masaustu
Ana Strateji;Mini Boy Kart (1/4 Kart Boyutu);Stratejik Planlama;stratejik_planlama_modulu;/sp;;https://demo.kokpitim.com/sp
Akış Olgunluğu;Mini Boy Kart (1/4 Kart Boyutu);Stratejik Planlama;stratejik_planlama_modulu;/sp;;https://demo.kokpitim.com/sp
K-Vektör Vizyon;Mini Boy Kart (1/4 Kart Boyutu);Stratejik Planlama;stratejik_planlama_modulu;/sp;;https://demo.kokpitim.com/sp
Plan Dönemi;Mini Boy Kart (1/4 Kart Boyutu);Stratejik Planlama;stratejik_planlama_modulu;/sp;;https://demo.kokpitim.com/sp
Etiketsiz Strateji;Mini Boy Kart (1/4 Kart Boyutu);Stratejik Planlama;stratejik_planlama_modulu;/sp;;https://demo.kokpitim.com/sp
Kimlik;Mini Boy Kart (1/4 Kart Boyutu);Stratejik Planlama;stratejik_planlama_modulu;/sp;;https://demo.kokpitim.com/sp
Misyon;Tam Boy Kart;Stratejik Planlama;stratejik_planlama_modulu;/sp;;https://demo.kokpitim.com/sp
Vizyon;Tam Boy Kart;Stratejik Planlama;stratejik_planlama_modulu;/sp;;https://demo.kokpitim.com/sp
Değerler ve Etik Kurallar;Tam Boy Kart;Stratejik Planlama;stratejik_planlama_modulu;/sp;;https://demo.kokpitim.com/sp
Strateji Ağırlık & Skor Görselleştirme;Tam Boy Kart;Stratejik Planlama;stratejik_planlama_modulu;/sp;;https://demo.kokpitim.com/sp
Strateji Listesi (Ana Stratejiler → Alt Stratejiler);Tam Boy Kart;Stratejik Planlama;stratejik_planlama_modulu;/sp;;https://demo.kokpitim.com/sp
Süreç İyileştirme Faaliyetleri;Tam Boy Kart;Stratejik Planlama;stratejik_planlama_modulu;/sp;;https://demo.kokpitim.com/sp
Bireysel Hedefler;Tam Boy Kart;Stratejik Planlama;stratejik_planlama_modulu;/sp;;https://demo.kokpitim.com/sp
Toplam Süreç;Mini Boy Kart (1/4 Kart Boyutu);Süreç Yönetimi;surec_yonetimi_modulu;/process;;https://demo.kokpitim.com/process
Toplam PG;Mini Boy Kart (1/4 Kart Boyutu);Süreç Yönetimi;surec_yonetimi_modulu;/process;;https://demo.kokpitim.com/process
Ortalama Skor;Mini Boy Kart (1/4 Kart Boyutu);Süreç Yönetimi;surec_yonetimi_modulu;/process;;https://demo.kokpitim.com/process
Yüksek Performans;Mini Boy Kart (1/4 Kart Boyutu);Süreç Yönetimi;surec_yonetimi_modulu;/process;;https://demo.kokpitim.com/process
Kritik Süreç;Mini Boy Kart (1/4 Kart Boyutu);Süreç Yönetimi;surec_yonetimi_modulu;/process;;https://demo.kokpitim.com/process
K-Vektör;Mini Boy Kart (1/4 Kart Boyutu);Süreç Yönetimi;surec_yonetimi_modulu;/process;;https://demo.kokpitim.com/process
AI YÖNETİCİ ÖZETİ;Tam Boy Kart;Süreç Yönetimi;surec_yonetimi_modulu;/process/1007001/karne;;https://demo.kokpitim.com/process/1007001/karne
Araştırma ve Geliştirme Süreci — Genel bilgiler;Tam Boy Kart;Süreç Yönetimi;surec_yonetimi_modulu;/process/1007001/karne;;https://demo.kokpitim.com/process/1007001/karne
KPI / performans trend analizi;Tam Boy Kart;Süreç Yönetimi;surec_yonetimi_modulu;/process/1007001/karne;;https://demo.kokpitim.com/process/1007001/karne
TMF-SR1-2026 - Araştırma ve Geliştirme Süreci Süreç Karnesi;Tam Boy Kart;Süreç Yönetimi;surec_yonetimi_modulu;/process/1007001/karne;;https://demo.kokpitim.com/process/1007001/karne
Hedefte;PG Kartı (1/3) boy kart;Süreç Yönetimi;surec_yonetimi_modulu;/process/1007001/karne;;https://demo.kokpitim.com/process/1007001/karne
Risk altında;PG Kartı (1/3) boy kart;Süreç Yönetimi;surec_yonetimi_modulu;/process/1007001/karne;;https://demo.kokpitim.com/process/1007001/karne
Hedef dışı;PG Kartı (1/3) boy kart;Süreç Yönetimi;surec_yonetimi_modulu;/process/1007001/karne;;https://demo.kokpitim.com/process/1007001/karne
AI YÖNETİCİ ÖZETİ;Tam Boy Kart;Kurum Paneli;kurum_paneli_modulu;/kurum;;https://demo.kokpitim.com/kurum
Kurum vizyonu;Tam Boy Kart;Kurum Paneli;kurum_paneli_modulu;/kurum;;https://demo.kokpitim.com/kurum
Amaç;Tam Boy Kart;Kurum Paneli;kurum_paneli_modulu;/kurum;;https://demo.kokpitim.com/kurum
Temel değerler;Tam Boy Kart;Kurum Paneli;kurum_paneli_modulu;/kurum;;https://demo.kokpitim.com/kurum
Etik kurallar;Tam Boy Kart;Kurum Paneli;kurum_paneli_modulu;/kurum;;https://demo.kokpitim.com/kurum
Kalite politikası;Tam Boy Kart;Kurum Paneli;kurum_paneli_modulu;/kurum;;https://demo.kokpitim.com/kurum
Aktif Kullanıcı;Mini Boy Kart (1/4 Kart Boyutu);Kurum Paneli;kurum_paneli_modulu;/kurum;;https://demo.kokpitim.com/kurum
Aktif Süreç;Mini Boy Kart (1/4 Kart Boyutu);Kurum Paneli;kurum_paneli_modulu;/kurum;;https://demo.kokpitim.com/kurum
Strateji;Mini Boy Kart (1/4 Kart Boyutu);Kurum Paneli;kurum_paneli_modulu;/kurum;;https://demo.kokpitim.com/kurum
Süreç özeti;Tam Boy Kart;Kurum Paneli;kurum_paneli_modulu;/kurum;;https://demo.kokpitim.com/kurum
Kurum geneli (yönetici);Tam Boy Kart;Kurum Paneli;kurum_paneli_modulu;/kurum;;https://demo.kokpitim.com/kurum
PG kapsamı & strateji hizalaması;Tam Boy Kart;Kurum Paneli;kurum_paneli_modulu;/kurum;;https://demo.kokpitim.com/kurum
Operasyonel hacim;Tam Boy Kart;Kurum Paneli;kurum_paneli_modulu;/kurum;;https://demo.kokpitim.com/kurum
Risk & uyarı;Tam Boy Kart;Kurum Paneli;kurum_paneli_modulu;/kurum;;https://demo.kokpitim.com/kurum
Performans (PG skoru);Tam Boy Kart;Kurum Paneli;kurum_paneli_modulu;/kurum;;https://demo.kokpitim.com/kurum
Proje özeti;Tam Boy Kart;Kurum Paneli;kurum_paneli_modulu;/kurum;;https://demo.kokpitim.com/kurum
Proje bitişi & görev dağılımı;Tam Boy Kart;Kurum Paneli;kurum_paneli_modulu;/kurum;;https://demo.kokpitim.com/kurum
Risk ve yük göstergeleri;Tam Boy Kart;Kurum Paneli;kurum_paneli_modulu;/kurum;;https://demo.kokpitim.com/kurum
Stratejiler;Tam Boy Kart;Kurum Paneli;kurum_paneli_modulu;/kurum;;https://demo.kokpitim.com/kurum
AI PERFORMANS ÖZETİ;Tam Boy Kart;Bireysel Performans;bireysel_performans_modulu;/bireysel/karne;;https://demo.kokpitim.com/bireysel/karne
Bireysel Performans Karnem;Tam Boy Kart;Bireysel Performans;bireysel_performans_modulu;/bireysel/karne;;https://demo.kokpitim.com/bireysel/karne
Toplam PG;Mini Boy Kart (1/4 Kart Boyutu);Bireysel Performans;bireysel_performans_modulu;/bireysel/karne;;https://demo.kokpitim.com/bireysel/karne
Veri Girilen;Mini Boy Kart (1/4 Kart Boyutu);Bireysel Performans;bireysel_performans_modulu;/bireysel/karne;;https://demo.kokpitim.com/bireysel/karne
Faaliyetler;Mini Boy Kart (1/4 Kart Boyutu);Bireysel Performans;bireysel_performans_modulu;/bireysel/karne;;https://demo.kokpitim.com/bireysel/karne
Tamamlanan;Mini Boy Kart (1/4 Kart Boyutu);Bireysel Performans;bireysel_performans_modulu;/bireysel/karne;;https://demo.kokpitim.com/bireysel/karne
Yıl özeti & dikkat;Tam Boy Kart;Bireysel Performans;bireysel_performans_modulu;/bireysel/karne;;https://demo.kokpitim.com/bireysel/karne
Bu yıl ne yaptım?;Tam Boy Kart;Bireysel Performans;bireysel_performans_modulu;/bireysel/karne;;https://demo.kokpitim.com/bireysel/karne
Performans Göstergelerim;Tam Boy Kart;Bireysel Performans;bireysel_performans_modulu;/bireysel/karne;;https://demo.kokpitim.com/bireysel/karne
Faaliyetlerim;Tam Boy Kart;Bireysel Performans;bireysel_performans_modulu;/bireysel/karne;;https://demo.kokpitim.com/bireysel/karne
Toplam Proje;Mini Boy Kart (1/4 Kart Boyutu);Proje Yönetimi;proje_yonetimi_modulu;/project;;https://demo.kokpitim.com/project
Açık Görev;Mini Boy Kart (1/4 Kart Boyutu);Proje Yönetimi;proje_yonetimi_modulu;/project;;https://demo.kokpitim.com/project
Gecikmiş Görev;Mini Boy Kart (1/4 Kart Boyutu);Proje Yönetimi;proje_yonetimi_modulu;/project;;https://demo.kokpitim.com/project
Bu Hafta Biten;Mini Boy Kart (1/4 Kart Boyutu);Proje Yönetimi;proje_yonetimi_modulu;/project;;https://demo.kokpitim.com/project
Açık RAID;Mini Boy Kart (1/4 Kart Boyutu);Proje Yönetimi;proje_yonetimi_modulu;/project;;https://demo.kokpitim.com/project
Kritik Sağlık;Mini Boy Kart (1/4 Kart Boyutu);Proje Yönetimi;proje_yonetimi_modulu;/project;;https://demo.kokpitim.com/project
Proje listesi;Tam Boy Kart;Proje Yönetimi;proje_yonetimi_modulu;/project;;https://demo.kokpitim.com/project
Operasyon özeti;Tam Boy Kart;Proje Yönetimi;proje_yonetimi_modulu;/project;;https://demo.kokpitim.com/project
Vizyon Skoru;1. Ara Boy Kart (1/3 Kart Boyutu);K-Rapor? / Perf.Analitiği?;k_rapor_modulu?;/k-rapor?tab=kurumsal;;https://demo.kokpitim.com/k-rapor?tab=kurumsal
Strateji Bazlı Başarı;2. Ara Boy Kart (2/3 Kart Boyutu);K-Rapor? / Perf.Analitiği?;k_rapor_modulu?;/k-rapor?tab=kurumsal;;https://demo.kokpitim.com/k-rapor?tab=kurumsal
Hedefte;1. Ara Boy Kart (1/3 Kart Boyutu);K-Rapor? / Perf.Analitiği?;k_rapor_modulu?;/k-rapor?tab=kurumsal;;https://demo.kokpitim.com/k-rapor?tab=kurumsal
Riskli;1. Ara Boy Kart (1/3 Kart Boyutu);K-Rapor? / Perf.Analitiği?;k_rapor_modulu?;/k-rapor?tab=kurumsal;;https://demo.kokpitim.com/k-rapor?tab=kurumsal
Kritik;1. Ara Boy Kart (1/3 Kart Boyutu);K-Rapor? / Perf.Analitiği?;k_rapor_modulu?;/k-rapor?tab=kurumsal;;https://demo.kokpitim.com/k-rapor?tab=kurumsal
En İyi 5 Süreç;Yarım Boy Kart (1/2 Kart Boyutu);K-Rapor? / Perf.Analitiği?;k_rapor_modulu?;/k-rapor?tab=kurumsal;;https://demo.kokpitim.com/k-rapor?tab=kurumsal
En Düşük 5 Süreç;Yarım Boy Kart (1/2 Kart Boyutu);K-Rapor? / Perf.Analitiği?;k_rapor_modulu?;/k-rapor?tab=kurumsal;;https://demo.kokpitim.com/k-rapor?tab=kurumsal
Süreç × Dönem Isı Haritası;Tam Boy Kart;K-Rapor? / Perf.Analitiği?;k_rapor_modulu?;/k-rapor?tab=surec-pg;;https://demo.kokpitim.com/k-rapor?tab=surec-pg
Toplam PG;Mini Boy Kart (1/4 Kart Boyutu);K-Rapor? / Perf.Analitiği?;k_rapor_modulu?;/k-rapor?tab=pg-dagilim;;https://demo.kokpitim.com/k-rapor?tab=pg-dagilim
Ort. Başarı;Mini Boy Kart (1/4 Kart Boyutu);K-Rapor? / Perf.Analitiği?;k_rapor_modulu?;/k-rapor?tab=pg-dagilim;;https://demo.kokpitim.com/k-rapor?tab=pg-dagilim
Hedefte (≥%80);Mini Boy Kart (1/4 Kart Boyutu);K-Rapor? / Perf.Analitiği?;k_rapor_modulu?;/k-rapor?tab=pg-dagilim;;https://demo.kokpitim.com/k-rapor?tab=pg-dagilim
Kritik (<%50);Mini Boy Kart (1/4 Kart Boyutu);K-Rapor? / Perf.Analitiği?;k_rapor_modulu?;/k-rapor?tab=pg-dagilim;;https://demo.kokpitim.com/k-rapor?tab=pg-dagilim
Başarı Yüzdesi Dağılımı (Histogram);Yarım Boy Kart (1/2 Kart Boyutu);K-Rapor? / Perf.Analitiği?;k_rapor_modulu?;/k-rapor?tab=pg-dagilim;;https://demo.kokpitim.com/k-rapor?tab=pg-dagilim
PG Dağılım Grafiği;Yarım Boy Kart (1/2 Kart Boyutu);K-Rapor? / Perf.Analitiği?;k_rapor_modulu?;/k-rapor?tab=pg-dagilim;;https://demo.kokpitim.com/k-rapor?tab=pg-dagilim
En Düşük Performanslı PG'ler;Tam Boy Kart;K-Rapor? / Perf.Analitiği?;k_rapor_modulu?;/k-rapor?tab=pg-dagilim;;https://demo.kokpitim.com/k-rapor?tab=pg-dagilim
Ana Strateji Ağırlıkları;Yarım Boy Kart (1/2 Kart Boyutu);K-Rapor? / Perf.Analitiği?;k_rapor_modulu?;/k-rapor?tab=k-vektor;;https://demo.kokpitim.com/k-rapor?tab=k-vektor
Ağırlık Tablosu;Yarım Boy Kart (1/2 Kart Boyutu);K-Rapor? / Perf.Analitiği?;k_rapor_modulu?;/k-rapor?tab=k-vektor;;https://demo.kokpitim.com/k-rapor?tab=k-vektor
Alt Strateji Ağırlıkları;Tam Boy Kart;K-Rapor? / Perf.Analitiği?;k_rapor_modulu?;/k-rapor?tab=k-vektor;;https://demo.kokpitim.com/k-rapor?tab=k-vektor
Toplam Strateji;Mini Boy Kart (1/4 Kart Boyutu);K-Rapor? / Perf.Analitiği?;k_rapor_modulu?;/raporlar/k-vektor-carpiklik;;https://demo.kokpitim.com/raporlar/k-vektor-carpiklik
Dengeli;Mini Boy Kart (1/4 Kart Boyutu);K-Rapor? / Perf.Analitiği?;k_rapor_modulu?;/raporlar/k-vektor-carpiklik;;https://demo.kokpitim.com/raporlar/k-vektor-carpiklik
Dengesiz;Mini Boy Kart (1/4 Kart Boyutu);K-Rapor? / Perf.Analitiği?;k_rapor_modulu?;/raporlar/k-vektor-carpiklik;;https://demo.kokpitim.com/raporlar/k-vektor-carpiklik
Plan Yılı;Mini Boy Kart (1/4 Kart Boyutu);K-Rapor? / Perf.Analitiği?;k_rapor_modulu?;/raporlar/k-vektor-carpiklik;;https://demo.kokpitim.com/raporlar/k-vektor-carpiklik
Strateji başına Ağırlık vs Skor;Tam Boy Kart;K-Rapor? / Perf.Analitiği?;k_rapor_modulu?;/raporlar/k-vektor-carpiklik;;https://demo.kokpitim.com/raporlar/k-vektor-carpiklik
Çarpıklık Detay Tablosu;Tam Boy Kart;K-Rapor? / Perf.Analitiği?;k_rapor_modulu?;/raporlar/k-vektor-carpiklik;;https://demo.kokpitim.com/raporlar/k-vektor-carpiklik
Strateji → Süreç Katkı Ağacı;Tam Boy Kart;K-Rapor? / Perf.Analitiği?;k_rapor_modulu?;/k-rapor?tab=uyum;;https://demo.kokpitim.com/k-rapor?tab=uyum
Tam Kapsamlı;1. Ara Boy Kart (1/3 Kart Boyutu);K-Rapor? / Perf.Analitiği?;k_rapor_modulu?;/k-rapor?tab=strateji-kapsama;;https://demo.kokpitim.com/k-rapor?tab=strateji-kapsama
Kısmi;1. Ara Boy Kart (1/3 Kart Boyutu);K-Rapor? / Perf.Analitiği?;k_rapor_modulu?;/k-rapor?tab=strateji-kapsama;;https://demo.kokpitim.com/k-rapor?tab=strateji-kapsama
Boş Strateji;1. Ara Boy Kart (1/3 Kart Boyutu);K-Rapor? / Perf.Analitiği?;k_rapor_modulu?;/k-rapor?tab=strateji-kapsama;;https://demo.kokpitim.com/k-rapor?tab=strateji-kapsama
Strateji Kapsama Durumu;Yarım Boy Kart (1/2 Kart Boyutu);K-Rapor? / Perf.Analitiği?;k_rapor_modulu?;/k-rapor?tab=strateji-kapsama;;https://demo.kokpitim.com/k-rapor?tab=strateji-kapsama
Stratejisiz Süreçler;Yarım Boy Kart (1/2 Kart Boyutu);K-Rapor? / Perf.Analitiği?;k_rapor_modulu?;/k-rapor?tab=strateji-kapsama;;https://demo.kokpitim.com/k-rapor?tab=strateji-kapsama
Strateji Bazlı Kapsama Tablosu;Tam Boy Kart;K-Rapor? / Perf.Analitiği?;k_rapor_modulu?;/k-rapor?tab=strateji-kapsama;;https://demo.kokpitim.com/k-rapor?tab=strateji-kapsama
Ana Strateji;Micro Boy Kart (1/6 Kart Boyutu);K-Rapor? / Perf.Analitiği?;k_rapor_modulu?;/raporlar/hizalama-sankey;;https://demo.kokpitim.com/raporlar/hizalama-sankey
Alt Strateji;Micro Boy Kart (1/6 Kart Boyutu);K-Rapor? / Perf.Analitiği?;k_rapor_modulu?;/raporlar/hizalama-sankey;;https://demo.kokpitim.com/raporlar/hizalama-sankey
Süreç;Micro Boy Kart (1/6 Kart Boyutu);K-Rapor? / Perf.Analitiği?;k_rapor_modulu?;/raporlar/hizalama-sankey;;https://demo.kokpitim.com/raporlar/hizalama-sankey
PG;Micro Boy Kart (1/6 Kart Boyutu);K-Rapor? / Perf.Analitiği?;k_rapor_modulu?;/raporlar/hizalama-sankey;;https://demo.kokpitim.com/raporlar/hizalama-sankey
Bağlantı;Micro Boy Kart (1/6 Kart Boyutu);K-Rapor? / Perf.Analitiği?;k_rapor_modulu?;/raporlar/hizalama-sankey;;https://demo.kokpitim.com/raporlar/hizalama-sankey
Hizalanmamış;Micro Boy Kart (1/6 Kart Boyutu);K-Rapor? / Perf.Analitiği?;k_rapor_modulu?;/raporlar/hizalama-sankey;;https://demo.kokpitim.com/raporlar/hizalama-sankey
Strateji;Mini Boy Kart (1/4 Kart Boyutu);Stratejik Planlama;stratejik_planlama_modulu;/sp/strateji-proje-matris;;https://demo.kokpitim.com/sp/strateji-proje-matris
Proje;Mini Boy Kart (1/4 Kart Boyutu);Stratejik Planlama;stratejik_planlama_modulu;/sp/strateji-proje-matris;;https://demo.kokpitim.com/sp/strateji-proje-matris
En Güçlü Hizalama;Mini Boy Kart (1/4 Kart Boyutu);Stratejik Planlama;stratejik_planlama_modulu;/sp/strateji-proje-matris;;https://demo.kokpitim.com/sp/strateji-proje-matris
Hizalama Kapsama;Mini Boy Kart (1/4 Kart Boyutu);Stratejik Planlama;stratejik_planlama_modulu;/sp/strateji-proje-matris;;https://demo.kokpitim.com/sp/strateji-proje-matris
Departman;1. Ara Boy Kart (1/3 Kart Boyutu);K-Rapor? / Perf.Analitiği?;k_rapor_modulu?;/raporlar/departman-performans;;https://demo.kokpitim.com/raporlar/departman-performans
Toplam Çalışan;1. Ara Boy Kart (1/3 Kart Boyutu);K-Rapor? / Perf.Analitiği?;k_rapor_modulu?;/raporlar/departman-performans;;https://demo.kokpitim.com/raporlar/departman-performans
Toplam Bireysel PG;1. Ara Boy Kart (1/3 Kart Boyutu);K-Rapor? / Perf.Analitiği?;k_rapor_modulu?;/raporlar/departman-performans;;https://demo.kokpitim.com/raporlar/departman-performans
Departman Kartı;Tam Boy Kart;K-Rapor? / Perf.Analitiği?;k_rapor_modulu?;/raporlar/departman-performans;;https://demo.kokpitim.com/raporlar/departman-performans
Yönetici Sayısı;Tam Boy Kart;K-Rapor? / Perf.Analitiği?;k_rapor_modulu?;/raporlar/yonetici-liderlik;;https://demo.kokpitim.com/raporlar/yonetici-liderlik
Yöneticiler Kartı;Tam Boy Kart;K-Rapor? / Perf.Analitiği?;k_rapor_modulu?;/raporlar/yonetici-liderlik;;https://demo.kokpitim.com/raporlar/yonetici-liderlik
Ölçülen Süreç;Micro Boy Kart (1/6 Kart Boyutu);K-Rapor? / Perf.Analitiği?;k_rapor_modulu?;/raporlar/cmmi-heatmap;;https://kokpitim.com/raporlar/cmmi-heatmap
Ölçülmemiş;Micro Boy Kart (1/6 Kart Boyutu);K-Rapor? / Perf.Analitiği?;k_rapor_modulu?;/raporlar/cmmi-heatmap;;https://kokpitim.com/raporlar/cmmi-heatmap
Ortalama Seviye;Micro Boy Kart (1/6 Kart Boyutu);K-Rapor? / Perf.Analitiği?;k_rapor_modulu?;/raporlar/cmmi-heatmap;;https://kokpitim.com/raporlar/cmmi-heatmap
Optimize Eden (L5);Micro Boy Kart (1/6 Kart Boyutu);K-Rapor? / Perf.Analitiği?;k_rapor_modulu?;/raporlar/cmmi-heatmap;;https://kokpitim.com/raporlar/cmmi-heatmap
Düşük Seviye (L1-L2);Micro Boy Kart (1/6 Kart Boyutu);K-Rapor? / Perf.Analitiği?;k_rapor_modulu?;/raporlar/cmmi-heatmap;;https://kokpitim.com/raporlar/cmmi-heatmap
Ortalama Olgunluk;Tam Boy Kart;K-Rapor? / Perf.Analitiği?;k_rapor_modulu?;/raporlar/cmmi-heatmap;;https://kokpitim.com/raporlar/cmmi-heatmap
Seviye Dağılımı ve Açıklamalar;Tam Boy Kart;K-Rapor? / Perf.Analitiği?;k_rapor_modulu?;/raporlar/cmmi-heatmap;;https://kokpitim.com/raporlar/cmmi-heatmap
Süreç Bazlı Olgunluk;Tam Boy Kart;K-Rapor? / Perf.Analitiği?;k_rapor_modulu?;/raporlar/cmmi-heatmap;;https://kokpitim.com/raporlar/cmmi-heatmap
Toplam Plan Dönemi;1. Ara Boy Kart (1/3 Kart Boyutu);K-Rapor? / Perf.Analitiği?;k_rapor_modulu?;/raporlar/hedef-revizyon;;https://kokpitim.com/raporlar/hedef-revizyon
Revizyon Yapılan Yıl;1. Ara Boy Kart (1/3 Kart Boyutu);K-Rapor? / Perf.Analitiği?;k_rapor_modulu?;/raporlar/hedef-revizyon;;https://kokpitim.com/raporlar/hedef-revizyon
Toplam Revizyon;1. Ara Boy Kart (1/3 Kart Boyutu);K-Rapor? / Perf.Analitiği?;k_rapor_modulu?;/raporlar/hedef-revizyon;;https://kokpitim.com/raporlar/hedef-revizyon
Yıllara Göre Revizyon;Tam Boy Kart;K-Rapor? / Perf.Analitiği?;k_rapor_modulu?;/raporlar/hedef-revizyon;;https://kokpitim.com/raporlar/hedef-revizyon
Revize Edilen PG'ler;Tam Boy Kart;K-Rapor? / Perf.Analitiği?;k_rapor_modulu?;/raporlar/hedef-revizyon;;https://kokpitim.com/raporlar/hedef-revizyon
Tamamlanan;Mini Boy Kart (1/4 Kart Boyutu);K-Rapor? / Perf.Analitiği?;k_rapor_modulu?;/k-rapor?tab=faaliyet;;https://kokpitim.com/k-rapor?tab=faaliyet
Devam Ediyor;Mini Boy Kart (1/4 Kart Boyutu);K-Rapor? / Perf.Analitiği?;k_rapor_modulu?;/k-rapor?tab=faaliyet;;https://kokpitim.com/k-rapor?tab=faaliyet
Geciken;Mini Boy Kart (1/4 Kart Boyutu);K-Rapor? / Perf.Analitiği?;k_rapor_modulu?;/k-rapor?tab=faaliyet;;https://kokpitim.com/k-rapor?tab=faaliyet
Toplam;Mini Boy Kart (1/4 Kart Boyutu);K-Rapor? / Perf.Analitiği?;k_rapor_modulu?;/k-rapor?tab=faaliyet;;https://kokpitim.com/k-rapor?tab=faaliyet
Aylık Tamamlanan;Yarım Boy Kart (1/2 Kart Boyutu);K-Rapor? / Perf.Analitiği?;k_rapor_modulu?;/k-rapor?tab=faaliyet;;https://kokpitim.com/k-rapor?tab=faaliyet
Geciken Faaliyetler;Yarım Boy Kart (1/2 Kart Boyutu);K-Rapor? / Perf.Analitiği?;k_rapor_modulu?;/k-rapor?tab=faaliyet;;https://kokpitim.com/k-rapor?tab=faaliyet
Proje Portföy Durumu;Tam Boy Kart;K-Rapor? / Perf.Analitiği?;k_rapor_modulu?;/k-rapor?tab=faaliyet;;https://kokpitim.com/k-rapor?tab=faaliyet
Toplam Giriş;1. Ara Boy Kart (1/3 Kart Boyutu);K-Rapor? / Perf.Analitiği?;k_rapor_modulu?;/k-rapor?tab=aktivite-takvim;;https://kokpitim.com/k-rapor?tab=aktivite-takvim
Aktif Gün;1. Ara Boy Kart (1/3 Kart Boyutu);K-Rapor? / Perf.Analitiği?;k_rapor_modulu?;/k-rapor?tab=aktivite-takvim;;https://kokpitim.com/k-rapor?tab=aktivite-takvim
Günlük Ort.;1. Ara Boy Kart (1/3 Kart Boyutu);K-Rapor? / Perf.Analitiği?;k_rapor_modulu?;/k-rapor?tab=aktivite-takvim;;https://kokpitim.com/k-rapor?tab=aktivite-takvim
Günlük Veri Giriş Aktivitesi;Tam Boy Kart;K-Rapor? / Perf.Analitiği?;k_rapor_modulu?;/k-rapor?tab=aktivite-takvim;;https://kokpitim.com/k-rapor?tab=aktivite-takvim
Son 30 Gün Trend;Tam Boy Kart;K-Rapor? / Perf.Analitiği?;k_rapor_modulu?;/k-rapor?tab=aktivite-takvim;;https://kokpitim.com/k-rapor?tab=aktivite-takvim
Kişi Başına Faaliyet Yükü;Yarım Boy Kart (1/2 Kart Boyutu);K-Rapor? / Perf.Analitiği?;k_rapor_modulu?;/k-rapor?tab=sorumlu-analiz;;https://kokpitim.com/k-rapor?tab=sorumlu-analiz
En Çok Geciken Kişiler;Yarım Boy Kart (1/2 Kart Boyutu);K-Rapor? / Perf.Analitiği?;k_rapor_modulu?;/k-rapor?tab=sorumlu-analiz;;https://kokpitim.com/k-rapor?tab=sorumlu-analiz
Sorumlu Detay Tablosu;Tam Boy Kart;K-Rapor? / Perf.Analitiği?;k_rapor_modulu?;/k-rapor?tab=sorumlu-analiz;;https://kokpitim.com/k-rapor?tab=sorumlu-analiz
Kullanıcı Bazlı PG Başarı Tablosu;Tam Boy Kart;K-Rapor? / Perf.Analitiği?;k_rapor_modulu?;/k-rapor?tab=bireysel;;https://kokpitim.com/k-rapor?tab=bireysel
Bireysel PG Detay Listesi;Tam Boy Kart;K-Rapor? / Perf.Analitiği?;k_rapor_modulu?;/k-rapor?tab=bireysel;;https://kokpitim.com/k-rapor?tab=bireysel
Genel Hizalama;1. Ara Boy Kart (1/3 Kart Boyutu);K-Rapor? / Perf.Analitiği?;k_rapor_modulu?;/raporlar/bireysel-hizalama;;https://kokpitim.com/raporlar/bireysel-hizalama
PG'si Olan Kullanıcı;1. Ara Boy Kart (1/3 Kart Boyutu);K-Rapor? / Perf.Analitiği?;k_rapor_modulu?;/raporlar/bireysel-hizalama;;https://kokpitim.com/raporlar/bireysel-hizalama
Toplam Kullanıcı;1. Ara Boy Kart (1/3 Kart Boyutu);K-Rapor? / Perf.Analitiği?;k_rapor_modulu?;/raporlar/bireysel-hizalama;;https://kokpitim.com/raporlar/bireysel-hizalama
Bireysel PG'ler;Tam Boy Kart;K-Rapor? / Perf.Analitiği?;k_rapor_modulu?;/raporlar/bireysel-hizalama;;https://kokpitim.com/raporlar/bireysel-hizalama
Planlanan Değer;1. Ara Boy Kart (1/3 Kart Boyutu);K-Rapor? / Perf.Analitiği?;k_rapor_modulu?;/k-rapor?tab=evm;;https://kokpitim.com/k-rapor?tab=evm
Kazanılmış Değer;1. Ara Boy Kart (1/3 Kart Boyutu);K-Rapor? / Perf.Analitiği?;k_rapor_modulu?;/k-rapor?tab=evm;;https://kokpitim.com/k-rapor?tab=evm
Fiili Maliyet;1. Ara Boy Kart (1/3 Kart Boyutu);K-Rapor? / Perf.Analitiği?;k_rapor_modulu?;/k-rapor?tab=evm;;https://kokpitim.com/k-rapor?tab=evm
Zaman Performans Endeksi;Yarım Boy Kart (1/2 Kart Boyutu);K-Rapor? / Perf.Analitiği?;k_rapor_modulu?;/k-rapor?tab=evm;;https://kokpitim.com/k-rapor?tab=evm
Maliyet Performans Endeksi;Yarım Boy Kart (1/2 Kart Boyutu);K-Rapor? / Perf.Analitiği?;k_rapor_modulu?;/k-rapor?tab=evm;;https://kokpitim.com/k-rapor?tab=evm
Sonuç kombinasyonları nasıl yorumlanır?;Tam Boy Kart;K-Rapor? / Perf.Analitiği?;k_rapor_modulu?;/k-rapor?tab=evm;;https://kokpitim.com/k-rapor?tab=evm
Kazanılmış Değer (EVM) — Proje Snapshot Tablosu;Tam Boy Kart;K-Rapor? / Perf.Analitiği?;k_rapor_modulu?;/k-rapor?tab=evm;;https://kokpitim.com/k-rapor?tab=evm
Yatay Eksen (X);Mini Boy Kart (1/4 Kart Boyutu);K-Rapor? / Perf.Analitiği?;k_rapor_modulu?;/raporlar/initiative-bubble;;https://kokpitim.com/raporlar/initiative-bubble
Dikey Eksen (Y);Mini Boy Kart (1/4 Kart Boyutu);K-Rapor? / Perf.Analitiği?;k_rapor_modulu?;/raporlar/initiative-bubble;;https://kokpitim.com/raporlar/initiative-bubble
Daire Boyutu;Mini Boy Kart (1/4 Kart Boyutu);K-Rapor? / Perf.Analitiği?;k_rapor_modulu?;/raporlar/initiative-bubble;;https://kokpitim.com/raporlar/initiative-bubble
Daire Rengi;Mini Boy Kart (1/4 Kart Boyutu);K-Rapor? / Perf.Analitiği?;k_rapor_modulu?;/raporlar/initiative-bubble;;https://kokpitim.com/raporlar/initiative-bubble
4 Kadran nasıl yorumlanır?;Tam Boy Kart;K-Rapor? / Perf.Analitiği?;k_rapor_modulu?;/raporlar/initiative-bubble;;https://kokpitim.com/raporlar/initiative-bubble
Toplam Girişim;Mini Boy Kart (1/4 Kart Boyutu);K-Rapor? / Perf.Analitiği?;k_rapor_modulu?;/raporlar/initiative-bubble;;https://kokpitim.com/raporlar/initiative-bubble
Toplam Bütçe;Mini Boy Kart (1/4 Kart Boyutu);K-Rapor? / Perf.Analitiği?;k_rapor_modulu?;/raporlar/initiative-bubble;;https://kokpitim.com/raporlar/initiative-bubble
Harcanan Bütçe;Mini Boy Kart (1/4 Kart Boyutu);K-Rapor? / Perf.Analitiği?;k_rapor_modulu?;/raporlar/initiative-bubble;;https://kokpitim.com/raporlar/initiative-bubble
Ortalama İlerleme;Mini Boy Kart (1/4 Kart Boyutu);K-Rapor? / Perf.Analitiği?;k_rapor_modulu?;/raporlar/initiative-bubble;;https://kokpitim.com/raporlar/initiative-bubble
Portföy Balon Grafiği;Tam Boy Kart;K-Rapor? / Perf.Analitiği?;k_rapor_modulu?;/raporlar/initiative-bubble;;https://kokpitim.com/raporlar/initiative-bubble
Detay Tablosu;Tam Boy Kart;K-Rapor? / Perf.Analitiği?;k_rapor_modulu?;/raporlar/initiative-bubble;;https://kokpitim.com/raporlar/initiative-bubble
Toplam Stratejik Girişim;1. Ara Boy Kart (1/3 Kart Boyutu);K-Rapor? / Perf.Analitiği?;k_rapor_modulu?;/raporlar/initiative-roadmap;;https://kokpitim.com/raporlar/initiative-roadmap
Yıl Aralığı;1. Ara Boy Kart (1/3 Kart Boyutu);K-Rapor? / Perf.Analitiği?;k_rapor_modulu?;/raporlar/initiative-roadmap;;https://kokpitim.com/raporlar/initiative-roadmap
Milestone;1. Ara Boy Kart (1/3 Kart Boyutu);K-Rapor? / Perf.Analitiği?;k_rapor_modulu?;/raporlar/initiative-roadmap;;https://kokpitim.com/raporlar/initiative-roadmap
Stratejik Girişimler;Tam Boy Kart;K-Rapor? / Perf.Analitiği?;k_rapor_modulu?;/raporlar/initiative-roadmap;;https://kokpitim.com/raporlar/initiative-roadmap
Çeyreklik Review Toplantısı;Tam Boy Kart;K-Rapor? / Perf.Analitiği?;k_rapor_modulu?;/raporlar/quarterly-review;;https://kokpitim.com/raporlar/quarterly-review
Ölçüm Hacmi (Q);1. Ara Boy Kart (1/3 Kart Boyutu);K-Rapor? / Perf.Analitiği?;k_rapor_modulu?;/raporlar/quarterly-review;;https://kokpitim.com/raporlar/quarterly-review
Yeni Stratejik Girişim;1. Ara Boy Kart (1/3 Kart Boyutu);K-Rapor? / Perf.Analitiği?;k_rapor_modulu?;/raporlar/quarterly-review;;https://kokpitim.com/raporlar/quarterly-review
Tamamlanan Stratejik Girişim;1. Ara Boy Kart (1/3 Kart Boyutu);K-Rapor? / Perf.Analitiği?;k_rapor_modulu?;/raporlar/quarterly-review;;https://kokpitim.com/raporlar/quarterly-review
AI Yönetici Özeti;Tam Boy Kart;K-Rapor? / Perf.Analitiği?;k_rapor_modulu?;/raporlar/quarterly-review;;https://kokpitim.com/raporlar/quarterly-review
📋 Önerilen Agenda;Yarım Boy Kart (1/2 Kart Boyutu);K-Rapor? / Perf.Analitiği?;k_rapor_modulu?;/raporlar/quarterly-review;;https://kokpitim.com/raporlar/quarterly-review
❓ Ön Çalışma Soruları;Yarım Boy Kart (1/2 Kart Boyutu);K-Rapor? / Perf.Analitiği?;k_rapor_modulu?;/raporlar/quarterly-review;;https://kokpitim.com/raporlar/quarterly-review
Objective;Mini Boy Kart (1/4 Kart Boyutu);K-Rapor? / Perf.Analitiği?;k_rapor_modulu?;/raporlar/okr-cascade;;https://demo.kokpitim.com/raporlar/okr-cascade
Key Result;Mini Boy Kart (1/4 Kart Boyutu);K-Rapor? / Perf.Analitiği?;k_rapor_modulu?;/raporlar/okr-cascade;;https://demo.kokpitim.com/raporlar/okr-cascade
Ort. Tamamlanma;Mini Boy Kart (1/4 Kart Boyutu);K-Rapor? / Perf.Analitiği?;k_rapor_modulu?;/raporlar/okr-cascade;;https://demo.kokpitim.com/raporlar/okr-cascade
Plan Yılı;Mini Boy Kart (1/4 Kart Boyutu);K-Rapor? / Perf.Analitiği?;k_rapor_modulu?;/raporlar/okr-cascade;;https://demo.kokpitim.com/raporlar/okr-cascade
Global Pazar Payını Büyüt — 2026;Tam Boy Kart;K-Rapor? / Perf.Analitiği?;k_rapor_modulu?;/raporlar/okr-cascade;;https://demo.kokpitim.com/raporlar/okr-cascade
Teknoloji Liderliğini Pekiştir — 2026;Tam Boy Kart;K-Rapor? / Perf.Analitiği?;k_rapor_modulu?;/raporlar/okr-cascade;;https://demo.kokpitim.com/raporlar/okr-cascade
Operasyonel Verimliliği Artır — 2026;Tam Boy Kart;K-Rapor? / Perf.Analitiği?;k_rapor_modulu?;/raporlar/okr-cascade;;https://demo.kokpitim.com/raporlar/okr-cascade
Geciken Faaliyet;Micro Boy Kart (1/6 Kart Boyutu);K-Rapor? / Perf.Analitiği?;k_rapor_modulu?;/raporlar/sabah-ozeti;;https://demo.kokpitim.com/raporlar/sabah-ozeti
Bugün Bitiş;Micro Boy Kart (1/6 Kart Boyutu);K-Rapor? / Perf.Analitiği?;k_rapor_modulu?;/raporlar/sabah-ozeti;;https://demo.kokpitim.com/raporlar/sabah-ozeti
Önümüzdeki 7 Gün;Micro Boy Kart (1/6 Kart Boyutu);K-Rapor? / Perf.Analitiği?;k_rapor_modulu?;/raporlar/sabah-ozeti;;https://demo.kokpitim.com/raporlar/sabah-ozeti
Son 7 Gün Tamamlanan;Micro Boy Kart (1/6 Kart Boyutu);K-Rapor? / Perf.Analitiği?;k_rapor_modulu?;/raporlar/sabah-ozeti;;https://demo.kokpitim.com/raporlar/sabah-ozeti
Bugün Ölçüm;Micro Boy Kart (1/6 Kart Boyutu);K-Rapor? / Perf.Analitiği?;k_rapor_modulu?;/raporlar/sabah-ozeti;;https://demo.kokpitim.com/raporlar/sabah-ozeti
Son 7 Gün Ölçüm;Micro Boy Kart (1/6 Kart Boyutu);K-Rapor? / Perf.Analitiği?;k_rapor_modulu?;/raporlar/sabah-ozeti;;https://demo.kokpitim.com/raporlar/sabah-ozeti
Son Veri Girişleri;Tam Boy Kart;K-Rapor? / Perf.Analitiği?;k_rapor_modulu?;/raporlar/sabah-ozeti;;https://demo.kokpitim.com/raporlar/sabah-ozeti
Toplam Süreç;1. Ara Boy Kart (1/3 Kart Boyutu);K-Rapor? / Perf.Analitiği?;k_rapor_modulu?;/raporlar/operasyon-istatistik;;https://demo.kokpitim.com/raporlar/operasyon-istatistik
Toplam PG;1. Ara Boy Kart (1/3 Kart Boyutu);K-Rapor? / Perf.Analitiği?;k_rapor_modulu?;/raporlar/operasyon-istatistik;;https://demo.kokpitim.com/raporlar/operasyon-istatistik
Toplam Faaliyet;1. Ara Boy Kart (1/3 Kart Boyutu);K-Rapor? / Perf.Analitiği?;k_rapor_modulu?;/raporlar/operasyon-istatistik;;https://demo.kokpitim.com/raporlar/operasyon-istatistik
Süreçler;Tam Boy Kart;K-Rapor? / Perf.Analitiği?;k_rapor_modulu?;/raporlar/operasyon-istatistik;;https://demo.kokpitim.com/raporlar/operasyon-istatistik
Analiz Edilen Süreç;1. Ara Boy Kart (1/3 Kart Boyutu);K-Rapor? / Perf.Analitiği?;k_rapor_modulu?;/raporlar/muda-analizi;;https://demo.kokpitim.com/raporlar/muda-analizi
Bulgu Olan Süreç;1. Ara Boy Kart (1/3 Kart Boyutu);K-Rapor? / Perf.Analitiği?;k_rapor_modulu?;/raporlar/muda-analizi;;https://demo.kokpitim.com/raporlar/muda-analizi
Toplam Bulgu;1. Ara Boy Kart (1/3 Kart Boyutu);K-Rapor? / Perf.Analitiği?;k_rapor_modulu?;/raporlar/muda-analizi;;https://demo.kokpitim.com/raporlar/muda-analizi
7 Muda Türü — Bulgu Sayıları + Açıklamalar;Tam Boy Kart;K-Rapor? / Perf.Analitiği?;k_rapor_modulu?;/raporlar/muda-analizi;;https://demo.kokpitim.com/raporlar/muda-analizi
Bulgu Saptanan Süreçler;Tam Boy Kart;K-Rapor? / Perf.Analitiği?;k_rapor_modulu?;/raporlar/muda-analizi;;https://demo.kokpitim.com/raporlar/muda-analizi
Risk Tablosu (RPN Sıralı);Özel boy kart (2/3 Kart Boyutu);K-Rapor? / Perf.Analitiği?;k_rapor_modulu?;/k-rapor?tab=risk;;https://demo.kokpitim.com/k-rapor?tab=risk
Süreç Olgunluk Seviyeleri;1. Ara Boy Kart (1/3 Kart Boyutu);K-Rapor? / Perf.Analitiği?;k_rapor_modulu?;/k-rapor?tab=risk;;https://demo.kokpitim.com/k-rapor?tab=risk
Darboğaz Geçmişi;Tam Boy Kart;K-Rapor? / Perf.Analitiği?;k_rapor_modulu?;/k-rapor?tab=risk;;https://demo.kokpitim.com/k-rapor?tab=risk
Toplam Risk;Mini Boy Kart (1/4 Kart Boyutu);K-Rapor? / Perf.Analitiği?;k_rapor_modulu?;/raporlar/risk-heatmap;;https://demo.kokpitim.com/raporlar/risk-heatmap
Açık;Mini Boy Kart (1/4 Kart Boyutu);K-Rapor? / Perf.Analitiği?;k_rapor_modulu?;/raporlar/risk-heatmap;;https://demo.kokpitim.com/raporlar/risk-heatmap
Azaltıldı;Mini Boy Kart (1/4 Kart Boyutu);K-Rapor? / Perf.Analitiği?;k_rapor_modulu?;/raporlar/risk-heatmap;;https://demo.kokpitim.com/raporlar/risk-heatmap
Kritik (≥15);Mini Boy Kart (1/4 Kart Boyutu);K-Rapor? / Perf.Analitiği?;k_rapor_modulu?;/raporlar/risk-heatmap;;https://demo.kokpitim.com/raporlar/risk-heatmap
5×5 Risk Matrisi;Yarım Boy Kart (1/2 Kart Boyutu);K-Rapor? / Perf.Analitiği?;k_rapor_modulu?;/raporlar/risk-heatmap;;https://demo.kokpitim.com/raporlar/risk-heatmap
En Yüksek RPN — İlk 10;Yarım Boy Kart (1/2 Kart Boyutu);K-Rapor? / Perf.Analitiği?;k_rapor_modulu?;/raporlar/risk-heatmap;;https://demo.kokpitim.com/raporlar/risk-heatmap
Kritik PG;1. Ara Boy Kart (1/3 Kart Boyutu);K-Rapor? / Perf.Analitiği?;k_rapor_modulu?;/k-rapor?tab=uyari;;https://demo.kokpitim.com/k-rapor?tab=uyari
Geciken Faaliyet;1. Ara Boy Kart (1/3 Kart Boyutu);K-Rapor? / Perf.Analitiği?;k_rapor_modulu?;/k-rapor?tab=uyari;;https://demo.kokpitim.com/k-rapor?tab=uyari
Yüksek Risk;1. Ara Boy Kart (1/3 Kart Boyutu);K-Rapor? / Perf.Analitiği?;k_rapor_modulu?;/k-rapor?tab=uyari;;https://demo.kokpitim.com/k-rapor?tab=uyari
Kritik Performans Göstergeleri;Yarım Boy Kart (1/2 Kart Boyutu);K-Rapor? / Perf.Analitiği?;k_rapor_modulu?;/k-rapor?tab=uyari;;https://demo.kokpitim.com/k-rapor?tab=uyari
Yüksek Riskler;Yarım Boy Kart (1/2 Kart Boyutu);K-Rapor? / Perf.Analitiği?;k_rapor_modulu?;/k-rapor?tab=uyari;;https://demo.kokpitim.com/k-rapor?tab=uyari
Geciken Faaliyetler;Tam Boy Kart;K-Rapor? / Perf.Analitiği?;k_rapor_modulu?;/k-rapor?tab=uyari;;https://demo.kokpitim.com/k-rapor?tab=uyari
Kontrol Edilen PG;1. Ara Boy Kart (1/3 Kart Boyutu);K-Rapor? / Perf.Analitiği?;k_rapor_modulu?;/raporlar/early-warning;;https://demo.kokpitim.com/raporlar/early-warning
Uyarı Sayısı;1. Ara Boy Kart (1/3 Kart Boyutu);K-Rapor? / Perf.Analitiği?;k_rapor_modulu?;/raporlar/early-warning;;https://demo.kokpitim.com/raporlar/early-warning
Yüksek Öncelik;1. Ara Boy Kart (1/3 Kart Boyutu);K-Rapor? / Perf.Analitiği?;k_rapor_modulu?;/raporlar/early-warning;;https://demo.kokpitim.com/raporlar/early-warning
Uyarı Listesi;Tam Boy Kart;K-Rapor? / Perf.Analitiği?;k_rapor_modulu?;/raporlar/early-warning;;https://demo.kokpitim.com/raporlar/early-warning
Analiz Edilen PG;1. Ara Boy Kart (1/3 Kart Boyutu);K-Rapor? / Perf.Analitiği?;k_rapor_modulu?;/raporlar/ml-anomaly;;https://demo.kokpitim.com/raporlar/ml-anomaly
Yetersiz Veri (Atlandı);1. Ara Boy Kart (1/3 Kart Boyutu);K-Rapor? / Perf.Analitiği?;k_rapor_modulu?;/raporlar/ml-anomaly;;https://demo.kokpitim.com/raporlar/ml-anomaly
Anomali Tespit Edildi;1. Ara Boy Kart (1/3 Kart Boyutu);K-Rapor? / Perf.Analitiği?;k_rapor_modulu?;/raporlar/ml-anomaly;;https://demo.kokpitim.com/raporlar/ml-anomaly
Tespit Edilen Anomaliler;Tam Boy Kart;K-Rapor? / Perf.Analitiği?;k_rapor_modulu?;/raporlar/ml-anomaly;;https://demo.kokpitim.com/raporlar/ml-anomaly
Toplam PG;1. Ara Boy Kart (1/3 Kart Boyutu);K-Rapor? / Perf.Analitiği?;k_rapor_modulu?;/k-rapor?tab=veri-durumu;;https://demo.kokpitim.com/k-rapor?tab=veri-durumu
Veri Girilmiş;1. Ara Boy Kart (1/3 Kart Boyutu);K-Rapor? / Perf.Analitiği?;k_rapor_modulu?;/k-rapor?tab=veri-durumu;;https://demo.kokpitim.com/k-rapor?tab=veri-durumu
Eksik;1. Ara Boy Kart (1/3 Kart Boyutu);K-Rapor? / Perf.Analitiği?;k_rapor_modulu?;/k-rapor?tab=veri-durumu;;https://demo.kokpitim.com/k-rapor?tab=veri-durumu
Veri Girilen PG'ler;Yarım Boy Kart (1/2 Kart Boyutu);K-Rapor? / Perf.Analitiği?;k_rapor_modulu?;/k-rapor?tab=veri-durumu;;https://demo.kokpitim.com/k-rapor?tab=veri-durumu
Veri Girilmeyen PG'ler;Yarım Boy Kart (1/2 Kart Boyutu);K-Rapor? / Perf.Analitiği?;k_rapor_modulu?;/k-rapor?tab=veri-durumu;;https://demo.kokpitim.com/k-rapor?tab=veri-durumu
Genel Skor;Micro Boy Kart (1/6 Kart Boyutu);K-Rapor? / Perf.Analitiği?;k_rapor_modulu?;/raporlar/veri-kalitesi;;https://demo.kokpitim.com/raporlar/veri-kalitesi
Toplam PG;Micro Boy Kart (1/6 Kart Boyutu);K-Rapor? / Perf.Analitiği?;k_rapor_modulu?;/raporlar/veri-kalitesi;;https://demo.kokpitim.com/raporlar/veri-kalitesi
Kritik;Micro Boy Kart (1/6 Kart Boyutu);K-Rapor? / Perf.Analitiği?;k_rapor_modulu?;/raporlar/veri-kalitesi;;https://demo.kokpitim.com/raporlar/veri-kalitesi
Orta Risk;Micro Boy Kart (1/6 Kart Boyutu);K-Rapor? / Perf.Analitiği?;k_rapor_modulu?;/raporlar/veri-kalitesi;;https://demo.kokpitim.com/raporlar/veri-kalitesi
Sağlıklı;Micro Boy Kart (1/6 Kart Boyutu);K-Rapor? / Perf.Analitiği?;k_rapor_modulu?;/raporlar/veri-kalitesi;;https://demo.kokpitim.com/raporlar/veri-kalitesi
Kritik PG'ler;Tam Boy Kart;K-Rapor? / Perf.Analitiği?;k_rapor_modulu?;/raporlar/veri-kalitesi;;https://demo.kokpitim.com/raporlar/veri-kalitesi
Orta Risk PG'ler;Tam Boy Kart;K-Rapor? / Perf.Analitiği?;k_rapor_modulu?;/raporlar/veri-kalitesi;;https://demo.kokpitim.com/raporlar/veri-kalitesi
Süreç Bazlı Doluluk;Tam Boy Kart;K-Rapor? / Perf.Analitiği?;k_rapor_modulu?;/raporlar/veri-kalitesi;;https://demo.kokpitim.com/raporlar/veri-kalitesi
İşlem Dağılımı;1. Ara Boy Kart (1/3 Kart Boyutu);K-Rapor? / Perf.Analitiği?;k_rapor_modulu?;/k-rapor?tab=denetim;;https://demo.kokpitim.com/k-rapor?tab=denetim
En Aktif Kullanıcılar;2. Ara Boy Kart (2/3 Kart Boyutu);K-Rapor? / Perf.Analitiği?;k_rapor_modulu?;/k-rapor?tab=denetim;;https://demo.kokpitim.com/k-rapor?tab=denetim
Son İşlemler;Tam Boy Kart;K-Rapor? / Perf.Analitiği?;k_rapor_modulu?;/k-rapor?tab=denetim;;https://demo.kokpitim.com/k-rapor?tab=denetim
Toplam Bildirim;Mini Boy Kart (1/4 Kart Boyutu);K-Rapor? / Perf.Analitiği?;k_rapor_modulu?;/k-rapor?tab=bildirim-analiz;;https://demo.kokpitim.com/k-rapor?tab=bildirim-analiz
Okunan;Mini Boy Kart (1/4 Kart Boyutu);K-Rapor? / Perf.Analitiği?;k_rapor_modulu?;/k-rapor?tab=bildirim-analiz;;https://demo.kokpitim.com/k-rapor?tab=bildirim-analiz
Okunmayan;Mini Boy Kart (1/4 Kart Boyutu);K-Rapor? / Perf.Analitiği?;k_rapor_modulu?;/k-rapor?tab=bildirim-analiz;;https://demo.kokpitim.com/k-rapor?tab=bildirim-analiz
Son 7 Gün;Mini Boy Kart (1/4 Kart Boyutu);K-Rapor? / Perf.Analitiği?;k_rapor_modulu?;/k-rapor?tab=bildirim-analiz;;https://demo.kokpitim.com/k-rapor?tab=bildirim-analiz
Bildirim Türü Dağılımı;Yarım Boy Kart (1/2 Kart Boyutu);K-Rapor? / Perf.Analitiği?;k_rapor_modulu?;/k-rapor?tab=bildirim-analiz;;https://demo.kokpitim.com/k-rapor?tab=bildirim-analiz
Son 30 Gün Bildirim Trendi;Yarım Boy Kart (1/2 Kart Boyutu);K-Rapor? / Perf.Analitiği?;k_rapor_modulu?;/k-rapor?tab=bildirim-analiz;;https://demo.kokpitim.com/k-rapor?tab=bildirim-analiz
Okunmayan Bildirimlerin Yaşlanması;Yarım Boy Kart (1/2 Kart Boyutu);K-Rapor? / Perf.Analitiği?;k_rapor_modulu?;/k-rapor?tab=bildirim-analiz;;https://demo.kokpitim.com/k-rapor?tab=bildirim-analiz
En Çok Bildirim Alan Kullanıcılar;Yarım Boy Kart (1/2 Kart Boyutu);K-Rapor? / Perf.Analitiği?;k_rapor_modulu?;/k-rapor?tab=bildirim-analiz;;https://demo.kokpitim.com/k-rapor?tab=bildirim-analiz
Toplam Kullanıcı;Mini Boy Kart (1/4 Kart Boyutu);K-Rapor? / Perf.Analitiği?;k_rapor_modulu?;/raporlar/iki-fa;;https://demo.kokpitim.com/raporlar/iki-fa
2FA Etkin;Mini Boy Kart (1/4 Kart Boyutu);K-Rapor? / Perf.Analitiği?;k_rapor_modulu?;/raporlar/iki-fa;;https://demo.kokpitim.com/raporlar/iki-fa
2FA Yok;Mini Boy Kart (1/4 Kart Boyutu);K-Rapor? / Perf.Analitiği?;k_rapor_modulu?;/raporlar/iki-fa;;https://demo.kokpitim.com/raporlar/iki-fa
Etkinlik %;Mini Boy Kart (1/4 Kart Boyutu);K-Rapor? / Perf.Analitiği?;k_rapor_modulu?;/raporlar/iki-fa;;https://demo.kokpitim.com/raporlar/iki-fa
2FA Dağılım;Tam Boy Kart;K-Rapor? / Perf.Analitiği?;k_rapor_modulu?;/raporlar/iki-fa;;https://demo.kokpitim.com/raporlar/iki-fa
⚠ 2FA'sı Olmayan Yöneticiler (kritik güvenlik açığı);Tam Boy Kart;K-Rapor? / Perf.Analitiği?;k_rapor_modulu?;/raporlar/iki-fa;;https://demo.kokpitim.com/raporlar/iki-fa
DENETÇİ İÇİN HAZIR · PDF;Tam Boy Kart;K-Rapor? / Perf.Analitiği?;k_rapor_modulu?;/raporlar/audit-paketi;;https://demo.kokpitim.com/raporlar/audit-paketi
PDF Bölümleri;Yarım Boy Kart (1/2 Kart Boyutu);K-Rapor? / Perf.Analitiği?;k_rapor_modulu?;/raporlar/audit-paketi;;https://demo.kokpitim.com/raporlar/audit-paketi
Kullanım Amacı;Yarım Boy Kart (1/2 Kart Boyutu);K-Rapor? / Perf.Analitiği?;k_rapor_modulu?;/raporlar/audit-paketi;;https://demo.kokpitim.com/raporlar/audit-paketi
Toplam;Mini Boy Kart (1/4 Kart Boyutu);K-Rapor? / Perf.Analitiği?;k_rapor_modulu?;/raporlar/onay-zinciri;;https://demo.kokpitim.com/raporlar/onay-zinciri
Onay Bekliyor;Mini Boy Kart (1/4 Kart Boyutu);K-Rapor? / Perf.Analitiği?;k_rapor_modulu?;/raporlar/onay-zinciri;;https://demo.kokpitim.com/raporlar/onay-zinciri
Onaylanmış;Mini Boy Kart (1/4 Kart Boyutu);K-Rapor? / Perf.Analitiği?;k_rapor_modulu?;/raporlar/onay-zinciri;;https://demo.kokpitim.com/raporlar/onay-zinciri
Reddedilen;Mini Boy Kart (1/4 Kart Boyutu);K-Rapor? / Perf.Analitiği?;k_rapor_modulu?;/raporlar/onay-zinciri;;https://demo.kokpitim.com/raporlar/onay-zinciri
📝 Stratejik Girişim'ler;Tam Boy Kart;K-Rapor? / Perf.Analitiği?;k_rapor_modulu?;/raporlar/onay-zinciri;;https://demo.kokpitim.com/raporlar/onay-zinciri
SWOT Analizi;Yarım Boy Kart (1/2 Kart Boyutu);K-Rapor? / Perf.Analitiği?;k_rapor_modulu?;/k-rapor?tab=stratejik-analiz;;https://demo.kokpitim.com/k-rapor?tab=stratejik-analiz
TOWS Matrisi;Yarım Boy Kart (1/2 Kart Boyutu);K-Rapor? / Perf.Analitiği?;k_rapor_modulu?;/k-rapor?tab=stratejik-analiz;;https://demo.kokpitim.com/k-rapor?tab=stratejik-analiz
PESTEL Analizi;Yarım Boy Kart (1/2 Kart Boyutu);K-Rapor? / Perf.Analitiği?;k_rapor_modulu?;/k-rapor?tab=stratejik-analiz;;https://demo.kokpitim.com/k-rapor?tab=stratejik-analiz
Porter 5 Kuvvet;Yarım Boy Kart (1/2 Kart Boyutu);K-Rapor? / Perf.Analitiği?;k_rapor_modulu?;/k-rapor?tab=stratejik-analiz;;https://demo.kokpitim.com/k-rapor?tab=stratejik-analiz
SWOT Madde Sayısı Trendi;Yarım Boy Kart (1/2 Kart Boyutu);K-Rapor? / Perf.Analitiği?;k_rapor_modulu?;/k-rapor?tab=swot-trend;;https://demo.kokpitim.com/k-rapor?tab=swot-trend
TOWS Strateji Sayısı Trendi;Yarım Boy Kart (1/2 Kart Boyutu);K-Rapor? / Perf.Analitiği?;k_rapor_modulu?;/k-rapor?tab=swot-trend;;https://demo.kokpitim.com/k-rapor?tab=swot-trend
Yıllık SWOT/TOWS Özet Tablosu;Tam Boy Kart;K-Rapor? / Perf.Analitiği?;k_rapor_modulu?;/k-rapor?tab=swot-trend;;https://demo.kokpitim.com/k-rapor?tab=swot-trend
Toplam Kaynak;Micro Boy Kart (1/6 Kart Boyutu);K-Rapor? / Perf.Analitiği?;k_rapor_modulu?;/raporlar/vrio-portfoy;;https://demo.kokpitim.com/raporlar/vrio-portfoy
Sürdürülebilir;Micro Boy Kart (1/6 Kart Boyutu);K-Rapor? / Perf.Analitiği?;k_rapor_modulu?;/raporlar/vrio-portfoy;;https://demo.kokpitim.com/raporlar/vrio-portfoy
Geçici;Micro Boy Kart (1/6 Kart Boyutu);K-Rapor? / Perf.Analitiği?;k_rapor_modulu?;/raporlar/vrio-portfoy;;https://demo.kokpitim.com/raporlar/vrio-portfoy
Kullanılmayan;Micro Boy Kart (1/6 Kart Boyutu);K-Rapor? / Perf.Analitiği?;k_rapor_modulu?;/raporlar/vrio-portfoy;;https://demo.kokpitim.com/raporlar/vrio-portfoy
Dezavantaj;Micro Boy Kart (1/6 Kart Boyutu);K-Rapor? / Perf.Analitiği?;k_rapor_modulu?;/raporlar/vrio-portfoy;;https://demo.kokpitim.com/raporlar/vrio-portfoy
Geçici Rekabet Avantajı 0;Micro Boy Kart (1/6 Kart Boyutu);K-Rapor? / Perf.Analitiği?;k_rapor_modulu?;/raporlar/vrio-portfoy;;https://demo.kokpitim.com/raporlar/vrio-portfoy
Kullanılmayan Avantaj 0;Micro Boy Kart (1/6 Kart Boyutu);K-Rapor? / Perf.Analitiği?;k_rapor_modulu?;/raporlar/vrio-portfoy;;https://demo.kokpitim.com/raporlar/vrio-portfoy
Rekabet Paritesi 0;Micro Boy Kart (1/6 Kart Boyutu);K-Rapor? / Perf.Analitiği?;k_rapor_modulu?;/raporlar/vrio-portfoy;;https://demo.kokpitim.com/raporlar/vrio-portfoy
Rekabetçi Dezavantaj 0;Micro Boy Kart (1/6 Kart Boyutu);K-Rapor? / Perf.Analitiği?;k_rapor_modulu?;/raporlar/vrio-portfoy;;https://demo.kokpitim.com/raporlar/vrio-portfoy
Sürdürülebilir Rekabet Avantajı 0;Micro Boy Kart (1/6 Kart Boyutu);K-Rapor? / Perf.Analitiği?;k_rapor_modulu?;/raporlar/vrio-portfoy;;https://demo.kokpitim.com/raporlar/vrio-portfoy
Paydaş Haritası;Yarım Boy Kart (1/2 Kart Boyutu);K-Rapor? / Perf.Analitiği?;k_rapor_modulu?;/k-rapor?tab=paydas;;https://demo.kokpitim.com/k-rapor?tab=paydas
Paydaş Anket Özeti;Yarım Boy Kart (1/2 Kart Boyutu);K-Rapor? / Perf.Analitiği?;k_rapor_modulu?;/k-rapor?tab=paydas;;https://demo.kokpitim.com/k-rapor?tab=paydas
Rekabetçi Analiz;Tam Boy Kart;K-Rapor? / Perf.Analitiği?;k_rapor_modulu?;/k-rapor?tab=rekabet;;https://demo.kokpitim.com/k-rapor?tab=rekabet
A3 Raporları;Tam Boy Kart;K-Rapor? / Perf.Analitiği?;k_rapor_modulu?;/k-rapor?tab=rekabet;;https://demo.kokpitim.com/k-rapor?tab=rekabet
Kurum Performans Karşılaştırması;Tam Boy Kart;K-Rapor? / Perf.Analitiği?;k_rapor_modulu?;/k-rapor?tab=kurum-karsilastirma;;https://demo.kokpitim.com/k-rapor?tab=kurum-karsilastirma
Kurum Detay Tablosu;Tam Boy Kart;K-Rapor? / Perf.Analitiği?;k_rapor_modulu?;/k-rapor?tab=kurum-karsilastirma;;https://demo.kokpitim.com/k-rapor?tab=kurum-karsilastirma
Otomotiv / Yan SanayiotomotivHAZIR;Mini Boy Kart (1/4 Kart Boyutu);K-Rapor? / Perf.Analitiği?;k_rapor_modulu?;/raporlar/sektorel;;https://demo.kokpitim.com/raporlar/sektorel
Sağlık / HastanesaglikHAZIR;Mini Boy Kart (1/4 Kart Boyutu);K-Rapor? / Perf.Analitiği?;k_rapor_modulu?;/raporlar/sektorel;;https://demo.kokpitim.com/raporlar/sektorel
Finans / BankafinansYAKINDA;Mini Boy Kart (1/4 Kart Boyutu);K-Rapor? / Perf.Analitiği?;k_rapor_modulu?;/raporlar/sektorel;;https://demo.kokpitim.com/raporlar/sektorel
Eğitim / ÜniversiteegitimYAKINDA;Mini Boy Kart (1/4 Kart Boyutu);K-Rapor? / Perf.Analitiği?;k_rapor_modulu?;/raporlar/sektorel;;https://demo.kokpitim.com/raporlar/sektorel
Belediye / KamukamuYAKINDA;Mini Boy Kart (1/4 Kart Boyutu);K-Rapor? / Perf.Analitiği?;k_rapor_modulu?;/raporlar/sektorel;;https://demo.kokpitim.com/raporlar/sektorel
Perakende / ZincirperakendeYAKINDA;Mini Boy Kart (1/4 Kart Boyutu);K-Rapor? / Perf.Analitiği?;k_rapor_modulu?;/raporlar/sektorel;;https://demo.kokpitim.com/raporlar/sektorel
İnşaat / MüteahhitlikinsaatYAKINDA;Mini Boy Kart (1/4 Kart Boyutu);K-Rapor? / Perf.Analitiği?;k_rapor_modulu?;/raporlar/sektorel;;https://demo.kokpitim.com/raporlar/sektorel
Hizmet / Danışmanlık;Mini Boy Kart (1/4 Kart Boyutu);K-Rapor? / Perf.Analitiği?;k_rapor_modulu?;/raporlar/sektorel;;https://demo.kokpitim.com/raporlar/sektorel
Ana Strateji;Mini Boy Kart (1/4 Kart Boyutu);Stratejik Planlama;stratejik_planlama_modulu;/sp/strateji-haritasi;;https://demo.kokpitim.com/sp/strateji-haritasi
Alt Strateji;Mini Boy Kart (1/4 Kart Boyutu);Stratejik Planlama;stratejik_planlama_modulu;/sp/strateji-haritasi;;https://demo.kokpitim.com/sp/strateji-haritasi
Süreç;Mini Boy Kart (1/4 Kart Boyutu);Stratejik Planlama;stratejik_planlama_modulu;/sp/strateji-haritasi;;https://demo.kokpitim.com/sp/strateji-haritasi
PG;Mini Boy Kart (1/4 Kart Boyutu);Stratejik Planlama;stratejik_planlama_modulu;/sp/strateji-haritasi;;https://demo.kokpitim.com/sp/strateji-haritasi
Str. Girişim;Mini Boy Kart (1/4 Kart Boyutu);Stratejik Planlama;stratejik_planlama_modulu;/sp/strateji-haritasi;;https://demo.kokpitim.com/sp/strateji-haritasi
Strateji Haritası;Tam Boy Kart;Stratejik Planlama;stratejik_planlama_modulu;/sp/strateji-haritasi;;https://demo.kokpitim.com/sp/strateji-haritasi
Stratejik Hiyerarşi Sunburst;Tam Boy Kart;K-Rapor? / Perf.Analitiği?;k_rapor_modulu?;/raporlar/sunburst;;https://demo.kokpitim.com/raporlar/sunburst
Yıllar Arası Evrim Filmi;Tam Boy Kart;K-Rapor? / Perf.Analitiği?;k_rapor_modulu?;/raporlar/evrim-filmi;;https://demo.kokpitim.com/raporlar/evrim-filmi
Hikaye;Tam Boy Kart;K-Rapor? / Perf.Analitiği?;k_rapor_modulu?;/raporlar/strateji-hikayesi;;https://demo.kokpitim.com/raporlar/strateji-hikayesi
📊 Yıllık Snapshot;2. Ara Boy Kart (2/3 Kart Boyutu);K-Rapor? / Perf.Analitiği?;k_rapor_modulu?;/raporlar/strateji-hikayesi;;https://demo.kokpitim.com/raporlar/strateji-hikayesi
⚡ Kırılım Noktaları;1. Ara Boy Kart (1/3 Kart Boyutu);K-Rapor? / Perf.Analitiği?;k_rapor_modulu?;/raporlar/strateji-hikayesi;;https://demo.kokpitim.com/raporlar/strateji-hikayesi
SEKTÖR: Otomotiv / Yan Sanayi;Tam Boy Kart;K-Rapor? / Perf.Analitiği?;k_rapor_modulu?;/raporlar/sektor-benchmark;;https://demo.kokpitim.com/raporlar/sektor-benchmark
Sektör Ortalamaları;Tam Boy Kart;K-Rapor? / Perf.Analitiği?;k_rapor_modulu?;/raporlar/sektor-benchmark;;https://demo.kokpitim.com/raporlar/sektor-benchmark
AI Sektör Değerlendirmesi;Tam Boy Kart;K-Rapor? / Perf.Analitiği?;k_rapor_modulu?;/raporlar/sektor-benchmark;;https://demo.kokpitim.com/raporlar/sektor-benchmark
Toplam Bütçe;Micro Boy Kart (1/6 Kart Boyutu);K-Rapor? / Perf.Analitiği?;k_rapor_modulu?;/raporlar/cfo-dashboard;;https://demo.kokpitim.com/raporlar/cfo-dashboard
Harcanan;Micro Boy Kart (1/6 Kart Boyutu);K-Rapor? / Perf.Analitiği?;k_rapor_modulu?;/raporlar/cfo-dashboard;;https://demo.kokpitim.com/raporlar/cfo-dashboard
Kalan;Micro Boy Kart (1/6 Kart Boyutu);K-Rapor? / Perf.Analitiği?;k_rapor_modulu?;/raporlar/cfo-dashboard;;https://demo.kokpitim.com/raporlar/cfo-dashboard
Bütçe Aşan;Micro Boy Kart (1/6 Kart Boyutu);K-Rapor? / Perf.Analitiği?;k_rapor_modulu?;/raporlar/cfo-dashboard;;https://demo.kokpitim.com/raporlar/cfo-dashboard
LLM Maliyet (30g);Micro Boy Kart (1/6 Kart Boyutu);K-Rapor? / Perf.Analitiği?;k_rapor_modulu?;/raporlar/cfo-dashboard;;https://demo.kokpitim.com/raporlar/cfo-dashboard
Recurring Task;Micro Boy Kart (1/6 Kart Boyutu);K-Rapor? / Perf.Analitiği?;k_rapor_modulu?;/raporlar/cfo-dashboard;;https://demo.kokpitim.com/raporlar/cfo-dashboard
En Büyük 5 Stratejik Girişim;2. Ara Boy Kart (2/3 Kart Boyutu);K-Rapor? / Perf.Analitiği?;k_rapor_modulu?;/raporlar/cfo-dashboard;;https://demo.kokpitim.com/raporlar/cfo-dashboard
Durum Dağılımı;1. Ara Boy Kart (1/3 Kart Boyutu);K-Rapor? / Perf.Analitiği?;k_rapor_modulu?;/raporlar/cfo-dashboard;;https://demo.kokpitim.com/raporlar/cfo-dashboard
Strateji Bazlı Bütçe Atıfı;Tam Boy Kart;K-Rapor? / Perf.Analitiği?;k_rapor_modulu?;/raporlar/cfo-dashboard;;https://demo.kokpitim.com/raporlar/cfo-dashboard
Süreç;Micro Boy Kart (1/6 Kart Boyutu);K-Rapor? / Perf.Analitiği?;k_rapor_modulu?;/raporlar/coo-dashboard;;https://demo.kokpitim.com/raporlar/coo-dashboard
Ort. Sağlık;Micro Boy Kart (1/6 Kart Boyutu);K-Rapor? / Perf.Analitiği?;k_rapor_modulu?;/raporlar/coo-dashboard;;https://demo.kokpitim.com/raporlar/coo-dashboard
Geciken Faaliyet;Micro Boy Kart (1/6 Kart Boyutu);K-Rapor? / Perf.Analitiği?;k_rapor_modulu?;/raporlar/coo-dashboard;;https://demo.kokpitim.com/raporlar/coo-dashboard
Aktif Darboğaz;Micro Boy Kart (1/6 Kart Boyutu);K-Rapor? / Perf.Analitiği?;k_rapor_modulu?;/raporlar/coo-dashboard;;https://demo.kokpitim.com/raporlar/coo-dashboard
Ort. CMMI;Micro Boy Kart (1/6 Kart Boyutu);K-Rapor? / Perf.Analitiği?;k_rapor_modulu?;/raporlar/coo-dashboard;;https://demo.kokpitim.com/raporlar/coo-dashboard
Süreç Sağlık Dağılımı;Tam Boy Kart;K-Rapor? / Perf.Analitiği?;k_rapor_modulu?;/raporlar/coo-dashboard;;https://demo.kokpitim.com/raporlar/coo-dashboard
Süreçler (Sağlık Skoru);2. Ara Boy Kart (2/3 Kart Boyutu);K-Rapor? / Perf.Analitiği?;k_rapor_modulu?;/raporlar/coo-dashboard;;https://demo.kokpitim.com/raporlar/coo-dashboard
⚠ Aktif Darboğazlar;1. Ara Boy Kart (1/3 Kart Boyutu);K-Rapor? / Perf.Analitiği?;k_rapor_modulu?;/raporlar/coo-dashboard;;https://demo.kokpitim.com/raporlar/coo-dashboard
Çalışan;Micro Boy Kart (1/6 Kart Boyutu);K-Rapor? / Perf.Analitiği?;k_rapor_modulu?;/raporlar/chro-dashboard;;https://demo.kokpitim.com/raporlar/chro-dashboard
Departman;Micro Boy Kart (1/6 Kart Boyutu);K-Rapor? / Perf.Analitiği?;k_rapor_modulu?;/raporlar/chro-dashboard;;https://demo.kokpitim.com/raporlar/chro-dashboard
Bireysel PG;Micro Boy Kart (1/6 Kart Boyutu);K-Rapor? / Perf.Analitiği?;k_rapor_modulu?;/raporlar/chro-dashboard;;https://demo.kokpitim.com/raporlar/chro-dashboard
Ort. PG / Kişi;Micro Boy Kart (1/6 Kart Boyutu);K-Rapor? / Perf.Analitiği?;k_rapor_modulu?;/raporlar/chro-dashboard;;https://demo.kokpitim.com/raporlar/chro-dashboard
2FA Oranı;Micro Boy Kart (1/6 Kart Boyutu);K-Rapor? / Perf.Analitiği?;k_rapor_modulu?;/raporlar/chro-dashboard;;https://demo.kokpitim.com/raporlar/chro-dashboard
Departman Dağılımı;Yarım Boy Kart (1/2 Kart Boyutu);K-Rapor? / Perf.Analitiği?;k_rapor_modulu?;/raporlar/chro-dashboard;;https://demo.kokpitim.com/raporlar/chro-dashboard
Rol Dağılımı;Yarım Boy Kart (1/2 Kart Boyutu);K-Rapor? / Perf.Analitiği?;k_rapor_modulu?;/raporlar/chro-dashboard;;https://demo.kokpitim.com/raporlar/chro-dashboard
🏆 En Çok Bireysel PG Sahibi (Top 10);Yarım Boy Kart (1/2 Kart Boyutu);K-Rapor? / Perf.Analitiği?;k_rapor_modulu?;/raporlar/chro-dashboard;;https://demo.kokpitim.com/raporlar/chro-dashboard
📌 En Çok Süreç Üyeliği (Top 5);Yarım Boy Kart (1/2 Kart Boyutu);K-Rapor? / Perf.Analitiği?;k_rapor_modulu?;/raporlar/chro-dashboard;;https://demo.kokpitim.com/raporlar/chro-dashboard
PPTX SUNUM · 16:9;Tam Boy Kart;K-Rapor? / Perf.Analitiği?;k_rapor_modulu?;/raporlar/yatirimci-sunum;;https://demo.kokpitim.com/raporlar/yatirimci-sunum
🎯 Slayt Yapısı;Tam Boy Kart;K-Rapor? / Perf.Analitiği?;k_rapor_modulu?;/raporlar/yatirimci-sunum;;https://demo.kokpitim.com/raporlar/yatirimci-sunum
PREMIUM PDF · ~35 SAYFA;Tam Boy Kart;K-Rapor? / Perf.Analitiği?;k_rapor_modulu?;/raporlar/stratejik-yillik;;https://demo.kokpitim.com/raporlar/stratejik-yillik
📚 Bölüm Yapısı;Tam Boy Kart;K-Rapor? / Perf.Analitiği?;k_rapor_modulu?;/raporlar/stratejik-yillik;;https://demo.kokpitim.com/raporlar/stratejik-yillik
YATIRIMCI / DENETÇI HAZIR · PDF;Tam Boy Kart;K-Rapor? / Perf.Analitiği?;k_rapor_modulu?;/raporlar/esg-rapor;;https://demo.kokpitim.com/raporlar/esg-rapor
📋 Rapor İçeriği;Tam Boy Kart;K-Rapor? / Perf.Analitiği?;k_rapor_modulu?;/raporlar/esg-rapor;;https://demo.kokpitim.com/raporlar/esg-rapor
Metrik Sayısı;Mini Boy Kart (1/4 Kart Boyutu);K-Rapor? / Perf.Analitiği?;k_rapor_modulu?;/raporlar/carbon-trend;;https://demo.kokpitim.com/raporlar/carbon-trend
Veri Yılı;Mini Boy Kart (1/4 Kart Boyutu);K-Rapor? / Perf.Analitiği?;k_rapor_modulu?;/raporlar/carbon-trend;;https://demo.kokpitim.com/raporlar/carbon-trend
Son Yıl Toplam;Mini Boy Kart (1/4 Kart Boyutu);K-Rapor? / Perf.Analitiği?;k_rapor_modulu?;/raporlar/carbon-trend;;https://demo.kokpitim.com/raporlar/carbon-trend
İlk Yıla Göre;Mini Boy Kart (1/4 Kart Boyutu);K-Rapor? / Perf.Analitiği?;k_rapor_modulu?;/raporlar/carbon-trend;;https://demo.kokpitim.com/raporlar/carbon-trend
Yıllık Trend;Tam Boy Kart;K-Rapor? / Perf.Analitiği?;k_rapor_modulu?;/raporlar/carbon-trend;;https://demo.kokpitim.com/raporlar/carbon-trend
Stratejik odak daraltma;Tam Boy Kart;K-Rapor? / Perf.Analitiği?;k_rapor_modulu?;/raporlar/ai-danisman;;https://demo.kokpitim.com/raporlar/ai-danisman
Kritik risk mitigasyon planı;Tam Boy Kart;K-Rapor? / Perf.Analitiği?;k_rapor_modulu?;/raporlar/ai-danisman;;https://demo.kokpitim.com/raporlar/ai-danisman
Analiz Edilen Strateji;Yarım Boy Kart (1/2 Kart Boyutu);K-Rapor? / Perf.Analitiği?;k_rapor_modulu?;/raporlar/ai-coach;;https://demo.kokpitim.com/raporlar/ai-coach
En Düşük 3;Yarım Boy Kart (1/2 Kart Boyutu);K-Rapor? / Perf.Analitiği?;k_rapor_modulu?;/raporlar/ai-coach;;https://demo.kokpitim.com/raporlar/ai-coach
🎯 En Düşük Performanslı 3 Strateji;Tam Boy Kart;K-Rapor? / Perf.Analitiği?;k_rapor_modulu?;/raporlar/ai-coach;;https://demo.kokpitim.com/raporlar/ai-coach
AI Önerisi;Tam Boy Kart;K-Rapor? / Perf.Analitiği?;k_rapor_modulu?;/raporlar/ai-coach;;https://demo.kokpitim.com/raporlar/ai-coach
SUNUM HAZIR;Tam Boy Kart;K-Rapor? / Perf.Analitiği?;k_rapor_modulu?;/raporlar/ai-sunum;;https://demo.kokpitim.com/raporlar/ai-sunum
Sunumda Kullanılacak Veriler;Tam Boy Kart;K-Rapor? / Perf.Analitiği?;k_rapor_modulu?;/raporlar/ai-sunum;;https://demo.kokpitim.com/raporlar/ai-sunum
Slayt Yapısı;Tam Boy Kart;K-Rapor? / Perf.Analitiği?;k_rapor_modulu?;/raporlar/ai-sunum;;https://demo.kokpitim.com/raporlar/ai-sunum
⚡ Hazır Sorular;1. Ara Boy Kart (1/3 Kart Boyutu);K-Rapor? / Perf.Analitiği?;k_rapor_modulu?;/raporlar/nlp-query;;https://demo.kokpitim.com/raporlar/nlp-query
Cevap;2. Ara Boy Kart (2/3 Kart Boyutu);K-Rapor? / Perf.Analitiği?;k_rapor_modulu?;/raporlar/nlp-query;;https://demo.kokpitim.com/raporlar/nlp-query
TOPLU ÜRETIM · ZIP;Tam Boy Kart;K-Rapor? / Perf.Analitiği?;k_rapor_modulu?;/raporlar/bireysel-karne-batch;;https://demo.kokpitim.com/raporlar/bireysel-karne-batch
⚙ Her Karne İçeriği;Tam Boy Kart;K-Rapor? / Perf.Analitiği?;k_rapor_modulu?;/raporlar/bireysel-karne-batch;;https://demo.kokpitim.com/raporlar/bireysel-karne-batch
Mobile Hub;Tam Boy Kart;K-Rapor? / Perf.Analitiği?;k_rapor_modulu?;/raporlar/mobile;;https://demo.kokpitim.com/raporlar/mobile
KPI Ölçümleri (CSV);Yarım Boy Kart (1/2 Kart Boyutu);K-Rapor? / Perf.Analitiği?;k_rapor_modulu?;/raporlar/bi-connector;;https://demo.kokpitim.com/raporlar/bi-connector
Stratejiler (JSON);Yarım Boy Kart (1/2 Kart Boyutu);K-Rapor? / Perf.Analitiği?;k_rapor_modulu?;/raporlar/bi-connector;;https://demo.kokpitim.com/raporlar/bi-connector
Power BI Bağlantı Rehberi;Tam Boy Kart;K-Rapor? / Perf.Analitiği?;k_rapor_modulu?;/raporlar/bi-connector;;https://demo.kokpitim.com/raporlar/bi-connector
Tableau Bağlantı Rehberi;Tam Boy Kart;K-Rapor? / Perf.Analitiği?;k_rapor_modulu?;/raporlar/bi-connector;;https://demo.kokpitim.com/raporlar/bi-connector
Excel / Google Sheets;Tam Boy Kart;K-Rapor? / Perf.Analitiği?;k_rapor_modulu?;/raporlar/bi-connector;;https://demo.kokpitim.com/raporlar/bi-connector
Strateji Kapsamı;Mini Boy Kart (1/4 Kart Boyutu);K-Radar;k_radar_modulu;/k-radar/ks;;https://demo.kokpitim.com/k-radar/ks
Toplam Strateji;Mini Boy Kart (1/4 Kart Boyutu);K-Radar;k_radar_modulu;/k-radar/ks;;https://demo.kokpitim.com/k-radar/ks
Genel PG Başarısı;Mini Boy Kart (1/4 Kart Boyutu);K-Radar;k_radar_modulu;/k-radar/ks;;https://demo.kokpitim.com/k-radar/ks
KS Skoru;Mini Boy Kart (1/4 Kart Boyutu);K-Radar;k_radar_modulu;/k-radar/ks;;https://demo.kokpitim.com/k-radar/ks
SWOT Analizi;1. Ara Boy Kart (1/3 Kart Boyutu);K-Radar;k_radar_modulu;/k-radar/ks;;https://demo.kokpitim.com/k-radar/ks
TOWS Matrisi;1. Ara Boy Kart (1/3 Kart Boyutu);K-Radar;k_radar_modulu;/k-radar/ks;;https://demo.kokpitim.com/k-radar/ks
PESTLE Analizi;1. Ara Boy Kart (1/3 Kart Boyutu);K-Radar;k_radar_modulu;/k-radar/ks;;https://demo.kokpitim.com/k-radar/ks
GAP Analizi;1. Ara Boy Kart (1/3 Kart Boyutu);K-Radar;k_radar_modulu;/k-radar/ks;;https://demo.kokpitim.com/k-radar/ks
OKR;1. Ara Boy Kart (1/3 Kart Boyutu);K-Radar;k_radar_modulu;/k-radar/ks;;https://demo.kokpitim.com/k-radar/ks
BSC;1. Ara Boy Kart (1/3 Kart Boyutu);K-Radar;k_radar_modulu;/k-radar/ks;;https://demo.kokpitim.com/k-radar/ks
EFQM;1. Ara Boy Kart (1/3 Kart Boyutu);K-Radar;k_radar_modulu;/k-radar/ks;;https://demo.kokpitim.com/k-radar/ks
Strateji → Süreç Kapsama Özeti;Tam Boy Kart;K-Radar;k_radar_modulu;/k-radar/ks;;https://demo.kokpitim.com/k-radar/ks
